1,http://www.ijcai.org/Proceedings/16/Papers/514.pdf
3,http://www.ijcai.org/Proceedings/16/Papers/098.pdf
4,http://www.ijcai.org/Proceedings/16/Papers/256.pdf
5,http://www.ijcai.org/Proceedings/16/Papers/557.pdf
6,http://www.ijcai.org/Proceedings/16/Papers/538.pdf
7,http://www.ijcai.org/Proceedings/16/Papers/205.pdf
8,http://www.ijcai.org/Proceedings/16/Papers/260.pdf
11,http://www.ijcai.org/Proceedings/16/Papers/408.pdf
13,http://www.ijcai.org/Proceedings/16/Papers/295.pdf
14,http://www.ijcai.org/Proceedings/16/Papers/103.pdf
15,http://www.ijcai.org/Proceedings/16/Papers/102.pdf
18,http://www.ijcai.org/Proceedings/16/Papers/096.pdf
19,http://www.ijcai.org/Proceedings/16/Papers/482.pdf
22,http://www.ijcai.org/Proceedings/16/Papers/304.pdf
23,http://www.ijcai.org/Proceedings/16/Papers/188.pdf
24,http://www.ijcai.org/Proceedings/16/Papers/100.pdf
25,http://www.ijcai.org/Proceedings/16/Papers/521.pdf
27,http://www.ijcai.org/Proceedings/16/Papers/300.pdf
28,http://www.ijcai.org/Proceedings/16/Papers/211.pdf
29,http://www.ijcai.org/Proceedings/16/Papers/340.pdf
30,http://www.ijcai.org/Proceedings/16/Papers/169.pdf
32,http://www.ijcai.org/Proceedings/16/Papers/278.pdf
33,http://www.ijcai.org/Proceedings/16/Papers/330.pdf
34,http://www.ijcai.org/Proceedings/16/Papers/130.pdf
37,http://www.ijcai.org/Proceedings/16/Papers/415.pdf
39,http://www.ijcai.org/Proceedings/16/Papers/234.pdf
40,http://www.ijcai.org/Proceedings/16/Papers/070.pdf
43,http://www.ijcai.org/Proceedings/16/Papers/472.pdf
45,http://www.ijcai.org/Proceedings/16/Papers/322.pdf
46,http://www.ijcai.org/Proceedings/16/Papers/376.pdf
47,http://www.ijcai.org/Proceedings/16/Papers/437.pdf
48,http://www.ijcai.org/Proceedings/16/Papers/115.pdf
49,http://www.ijcai.org/Proceedings/16/Papers/456.pdf
50,http://www.ijcai.org/Proceedings/16/Papers/208.pdf
51,http://www.ijcai.org/Proceedings/16/Papers/444.pdf
52,http://www.ijcai.org/Proceedings/16/Papers/164.pdf
53,http://www.ijcai.org/Proceedings/16/Papers/202.pdf
54,http://www.ijcai.org/Proceedings/16/Papers/071.pdf
55,http://www.ijcai.org/Proceedings/16/Papers/206.pdf
57,http://www.ijcai.org/Proceedings/16/Papers/289.pdf
58,http://www.ijcai.org/Proceedings/16/Papers/526.pdf
60,http://www.ijcai.org/Proceedings/16/Papers/154.pdf
62,http://www.ijcai.org/Proceedings/16/Papers/110.pdf
64,http://www.ijcai.org/Proceedings/16/Papers/113.pdf
65,http://www.ijcai.org/Proceedings/16/Papers/294.pdf
70,http://www.ijcai.org/Proceedings/16/Papers/494.pdf
72,http://www.ijcai.org/Proceedings/16/Papers/383.pdf
73,http://www.ijcai.org/Proceedings/16/Papers/224.pdf
74,http://www.ijcai.org/Proceedings/16/Papers/048.pdf
76,http://www.ijcai.org/Proceedings/16/Papers/436.pdf
77,http://www.ijcai.org/Proceedings/16/Papers/285.pdf
79,http://www.ijcai.org/Proceedings/16/Papers/458.pdf
80,http://www.ijcai.org/Proceedings/16/Papers/478.pdf
81,http://www.ijcai.org/Proceedings/16/Papers/498.pdf
83,http://www.ijcai.org/Proceedings/16/Papers/339.pdf
84,http://www.ijcai.org/Proceedings/16/Papers/547.pdf
85,http://www.ijcai.org/Proceedings/16/Papers/049.pdf
86,http://www.ijcai.org/Proceedings/16/Papers/279.pdf
87,http://www.ijcai.org/Proceedings/16/Papers/142.pdf
88,http://www.ijcai.org/Proceedings/16/Papers/502.pdf
89,http://www.ijcai.org/Proceedings/16/Papers/325.pdf
90,http://www.ijcai.org/Proceedings/16/Papers/121.pdf
92,http://www.ijcai.org/Proceedings/16/Papers/487.pdf
95,http://www.ijcai.org/Proceedings/16/Papers/480.pdf
96,http://www.ijcai.org/Proceedings/16/Papers/491.pdf
97,http://www.ijcai.org/Proceedings/16/Papers/409.pdf
98,http://www.ijcai.org/Proceedings/16/Papers/369.pdf
99,http://www.ijcai.org/Proceedings/16/Papers/537.pdf
101,http://www.aaai.org/ocs/index.php/IJCAI/IJCAI13/paper/viewFile/6766/6791
103,http://www.aaai.org/ocs/index.php/IJCAI/IJCAI13/paper/viewFile/6620/7004
104,http://www.aaai.org/ocs/index.php/IJCAI/IJCAI13/paper/viewFile/6835/6731
105,http://www.aaai.org/ocs/index.php/IJCAI/IJCAI13/paper/viewFile/6567/6993
106,http://www.aaai.org/ocs/index.php/IJCAI/IJCAI13/paper/viewPDFInterstitial/6990/6980
107,http://www.aaai.org/ocs/index.php/IJCAI/IJCAI13/paper/viewFile/6844/6952
108,http://www.aaai.org/ocs/index.php/IJCAI/IJCAI13/paper/viewPDFInterstitial/6723/6640
110,http://www.aaai.org/ocs/index.php/IJCAI/IJCAI13/paper/viewPDFInterstitial/6298/6560
112,http://www.aaai.org/ocs/index.php/IJCAI/IJCAI13/paper/viewFile/7000/6503
113,http://www.aaai.org/ocs/index.php/IJCAI/IJCAI13/paper/viewPDFInterstitial/6530/6531
114,http://www.aaai.org/ocs/index.php/IJCAI/IJCAI13/paper/viewFile/6895/6757
116,http://www.aaai.org/ocs/index.php/IJCAI/IJCAI13/paper/viewFile/6851/6656
117,http://www.aaai.org/ocs/index.php/IJCAI/IJCAI13/paper/viewFile/6980/7074
118,http://www.aaai.org/ocs/index.php/IJCAI/IJCAI13/paper/viewPDFInterstitial/6868/6958
119,http://www.aaai.org/ocs/index.php/IJCAI/IJCAI13/paper/viewFile/6728/7141
120,http://www.aaai.org/ocs/index.php/IJCAI/IJCAI13/paper/viewFile/6919/6997
121,http://www.aaai.org/ocs/index.php/IJCAI/IJCAI13/paper/viewFile/6494/6942
122,http://www.aaai.org/ocs/index.php/IJCAI/IJCAI13/paper/viewPDFInterstitial/6748/6522
123,http://www.aaai.org/ocs/index.php/IJCAI/IJCAI13/paper/viewPDFInterstitial/6756/7190
124,http://www.aaai.org/ocs/index.php/IJCAI/IJCAI13/paper/viewPDFInterstitial/6699/6896
125,http://www.aaai.org/ocs/index.php/IJCAI/IJCAI13/paper/viewPDFInterstitial/6873/7066
130,http://www.aaai.org/ocs/index.php/IJCAI/IJCAI13/paper/viewFile/6314/7028
131,http://www.aaai.org/ocs/index.php/IJCAI/IJCAI13/paper/viewFile/6554/6986
134,http://www.aaai.org/ocs/index.php/IJCAI/IJCAI13/paper/viewPDFInterstitial/6837/7016
135,http://www.aaai.org/ocs/index.php/IJCAI/IJCAI13/paper/viewPDFInterstitial/6541/6962
140,http://www.aaai.org/ocs/index.php/IJCAI/IJCAI13/paper/viewFile/6992/7049
141,http://www.aaai.org/ocs/index.php/IJCAI/IJCAI13/paper/viewPDFInterstitial/6617/6966
143,http://www.aaai.org/ocs/index.php/IJCAI/IJCAI13/paper/viewPDFInterstitial/6954/7395
146,http://www.aaai.org/ocs/index.php/IJCAI/IJCAI13/paper/viewPDFInterstitial/6754/6600
147,http://www.aaai.org/ocs/index.php/IJCAI/IJCAI13/paper/viewFile/6764/6927
148,http://www.aaai.org/ocs/index.php/IJCAI/IJCAI13/paper/viewPDFInterstitial/6690/6987
149,http://www.aaai.org/ocs/index.php/IJCAI/IJCAI13/paper/viewPDFInterstitial/6994/7134
167,http://www.aaai.org/ocs/index.php/IJCAI/IJCAI13/paper/viewFile/6815/6474
168,http://www.aaai.org/ocs/index.php/IJCAI/IJCAI13/paper/viewFile/6627/6480
169,http://www.aaai.org/ocs/index.php/IJCAI/IJCAI13/paper/viewFile/6790/6485
170,http://www.aaai.org/ocs/index.php/IJCAI/IJCAI13/paper/viewFile/6958/6487
171,http://www.aaai.org/ocs/index.php/IJCAI/IJCAI13/paper/viewFile/6840/6488
172,http://www.aaai.org/ocs/index.php/IJCAI/IJCAI13/paper/viewFile/6845/6490
173,http://www.aaai.org/ocs/index.php/IJCAI/IJCAI13/paper/viewFile/6757/6496
175,http://www.aaai.org/ocs/index.php/IJCAI/IJCAI13/paper/viewFile/6909/6506
176,http://www.aaai.org/ocs/index.php/IJCAI/IJCAI13/paper/viewFile/6834/6507
177,http://www.aaai.org/ocs/index.php/IJCAI/IJCAI13/paper/viewPDFInterstitial/6744/6511
178,http://www.aaai.org/ocs/index.php/IJCAI/IJCAI13/paper/viewFile/6310/6513
180,http://www.aaai.org/ocs/index.php/IJCAI/IJCAI13/paper/viewFile/6220/6518
182,http://www.aaai.org/ocs/index.php/IJCAI/IJCAI13/paper/viewFile/6584/6521
183,http://www.aaai.org/ocs/index.php/IJCAI/IJCAI13/paper/viewFile/6738/6528
184,http://www.aaai.org/ocs/index.php/IJCAI/IJCAI13/paper/viewFile/6842/6533
185,http://www.aaai.org/ocs/index.php/IJCAI/IJCAI13/paper/viewFile/6717/6535
186,http://www.aaai.org/ocs/index.php/IJCAI/IJCAI13/paper/viewFile/6508/6539
188,http://www.aaai.org/ocs/index.php/IJCAI/IJCAI13/paper/viewFile/6610/6546
189,http://www.aaai.org/ocs/index.php/IJCAI/IJCAI13/paper/viewFile/6710/6549
190,http://www.aaai.org/ocs/index.php/IJCAI/IJCAI13/paper/viewFile/7007/6554
191,http://www.aaai.org/ocs/index.php/IJCAI/IJCAI13/paper/viewFile/6636/6555
192,http://www.aaai.org/ocs/index.php/IJCAI/IJCAI13/paper/viewFile/6821/6564
193,http://www.aaai.org/ocs/index.php/IJCAI/IJCAI13/paper/viewFile/6679/6566
194,http://www.aaai.org/ocs/index.php/IJCAI/IJCAI13/paper/viewFile/6720/6568
195,http://www.aaai.org/ocs/index.php/IJCAI/IJCAI13/paper/viewFile/6520/6569
196,http://www.aaai.org/ocs/index.php/IJCAI/IJCAI13/paper/viewFile/6789/6573
197,http://www.aaai.org/ocs/index.php/IJCAI/IJCAI13/paper/viewFile/6550/6575
199,http://www.aaai.org/ocs/index.php/IJCAI/IJCAI13/paper/viewFile/6186/6579
200,http://www.aaai.org/ocs/index.php/IJCAI/IJCAI13/paper/viewFile/6682/6582
201,http://www.aaai.org/ocs/index.php/AAAI/AAAI16/paper/viewFile/12028/11999
202,http://www.aaai.org/ocs/index.php/AAAI/AAAI16/paper/viewFile/11798/11774
203,http://www.aaai.org/ocs/index.php/AAAI/AAAI16/paper/viewFile/12390/12150
204,http://www.aaai.org/ocs/index.php/AAAI/AAAI16/paper/viewFile/12327/11598
207,http://www.aaai.org/ocs/index.php/AAAI/AAAI16/paper/viewFile/11786/11793
209,http://www.aaai.org/ocs/index.php/AAAI/AAAI16/paper/viewFile/11913/11910
211,http://www.aaai.org/ocs/index.php/AAAI/AAAI16/paper/viewFile/12275/11822
214,http://www.aaai.org/ocs/index.php/AAAI/AAAI16/paper/viewFile/11939/11989
215,http://www.aaai.org/ocs/index.php/AAAI/AAAI16/paper/viewFile/12213/12142
216,http://www.aaai.org/ocs/index.php/AAAI/AAAI16/paper/viewFile/11789/11718
217,http://www.aaai.org/ocs/index.php/AAAI/AAAI16/paper/viewFile/12404/11791
219,http://www.aaai.org/ocs/index.php/AAAI/AAAI16/paper/viewFile/11976/11782
220,http://www.aaai.org/ocs/index.php/AAAI/AAAI16/paper/viewFile/11995/12015
222,http://www.aaai.org/ocs/index.php/AAAI/AAAI16/paper/viewFile/12157/12025
224,http://www.aaai.org/ocs/index.php/AAAI/AAAI16/paper/viewFile/12021/11732
226,http://www.aaai.org/ocs/index.php/AAAI/AAAI16/paper/viewFile/11873/11566
228,http://www.aaai.org/ocs/index.php/AAAI/AAAI16/paper/viewFile/12373/12029
230,http://www.aaai.org/ocs/index.php/AAAI/AAAI16/paper/viewFile/12058/11827
231,http://www.aaai.org/ocs/index.php/AAAI/AAAI16/paper/viewFile/12530/12037
232,http://www.aaai.org/ocs/index.php/AAAI/AAAI16/paper/viewFile/12352/11879
234,http://www.aaai.org/ocs/index.php/AAAI/AAAI16/paper/viewFile/12221/12129
235,http://www.aaai.org/ocs/index.php/AAAI/AAAI16/paper/viewFile/12463/11864
236,http://www.aaai.org/ocs/index.php/AAAI/AAAI16/paper/viewFile/11918/11781
237,http://www.aaai.org/ocs/index.php/AAAI/AAAI16/paper/viewFile/11986/12148
239,http://www.aaai.org/ocs/index.php/AAAI/AAAI16/paper/viewFile/12159/11624
241,http://www.aaai.org/ocs/index.php/AAAI/AAAI16/paper/viewFile/11990/12052
242,http://www.aaai.org/ocs/index.php/AAAI/AAAI16/paper/viewFile/12494/11640
243,http://www.aaai.org/ocs/index.php/AAAI/AAAI16/paper/viewFile/12544/11856
244,http://www.aaai.org/ocs/index.php/AAAI/AAAI16/paper/viewFile/11953/11700
245,http://www.aaai.org/ocs/index.php/AAAI/AAAI16/paper/viewFile/11961/11723
247,http://www.aaai.org/ocs/index.php/AAAI/AAAI16/paper/viewFile/11817/11671
248,http://www.aaai.org/ocs/index.php/AAAI/AAAI16/paper/viewFile/12336/11660
249,http://www.aaai.org/ocs/index.php/AAAI/AAAI16/paper/viewFile/12068/12092
250,http://www.aaai.org/ocs/index.php/AAAI/AAAI16/paper/viewFile/12208/12056
251,http://www.aaai.org/ocs/index.php/AAAI/AAAI16/paper/viewFile/12487/12085
252,http://www.aaai.org/ocs/index.php/AAAI/AAAI16/paper/viewFile/12017/12145
253,http://www.aaai.org/ocs/index.php/AAAI/AAAI16/paper/viewFile/12228/11707
258,http://www.aaai.org/ocs/index.php/AAAI/AAAI16/paper/viewFile/12007/11840
260,http://www.aaai.org/ocs/index.php/AAAI/AAAI16/paper/viewFile/11900/11583
261,http://www.aaai.org/ocs/index.php/AAAI/AAAI16/paper/viewFile/12499/12116
264,http://www.aaai.org/ocs/index.php/AAAI/AAAI16/paper/viewFile/11954/11673
265,http://www.aaai.org/ocs/index.php/AAAI/AAAI16/paper/viewFile/12179/12166
266,http://www.aaai.org/ocs/index.php/AAAI/AAAI16/paper/viewFile/12117/11709
267,http://www.aaai.org/ocs/index.php/AAAI/AAAI16/paper/viewFile/12059/11750
269,http://www.aaai.org/ocs/index.php/AAAI/AAAI16/paper/viewFile/12219/11992
270,http://www.aaai.org/ocs/index.php/AAAI/AAAI16/paper/viewFile/11865/12167
271,http://www.aaai.org/ocs/index.php/AAAI/AAAI16/paper/viewFile/12079/12106
272,http://www.aaai.org/ocs/index.php/AAAI/AAAI16/paper/viewFile/11796/11729
274,http://www.aaai.org/ocs/index.php/AAAI/AAAI16/paper/viewFile/11951/12059
276,http://www.aaai.org/ocs/index.php/AAAI/AAAI16/paper/viewFile/12166/11784
277,http://www.aaai.org/ocs/index.php/AAAI/AAAI16/paper/viewFile/12131/11807
278,http://www.aaai.org/ocs/index.php/AAAI/AAAI16/paper/viewFile/12460/11844
279,http://www.aaai.org/ocs/index.php/AAAI/AAAI16/paper/viewFile/12065/12113
281,http://www.aaai.org/ocs/index.php/AAAI/AAAI16/paper/viewFile/12311/12180
283,http://www.aaai.org/ocs/index.php/AAAI/AAAI16/paper/viewFile/12256/12121
285,http://www.aaai.org/ocs/index.php/AAAI/AAAI16/paper/viewFile/11788/11717
286,http://www.aaai.org/ocs/index.php/AAAI/AAAI16/paper/viewFile/12392/11852
287,http://www.aaai.org/ocs/index.php/AAAI/AAAI16/paper/viewFile/11898/12146
290,http://www.aaai.org/ocs/index.php/AAAI/AAAI16/paper/viewFile/11835/11805
291,http://www.aaai.org/ocs/index.php/AAAI/AAAI16/paper/viewFile/12338/11728
294,http://www.aaai.org/ocs/index.php/AAAI/AAAI16/paper/viewFile/11831/12018
295,http://www.aaai.org/ocs/index.php/AAAI/AAAI16/paper/viewFile/12476/11601
296,http://www.aaai.org/ocs/index.php/AAAI/AAAI16/paper/viewFile/11945/12083
297,http://www.aaai.org/ocs/index.php/AAAI/AAAI16/paper/viewFile/11974/11730
298,http://www.aaai.org/ocs/index.php/AAAI/AAAI16/paper/viewFile/12175/11872
299,http://www.aaai.org/ocs/index.php/AAAI/AAAI16/paper/viewFile/12222/12074
301,http://www.aaai.org/ocs/index.php/AAAI/AAAI14/paper/viewFile/8415/8822
302,http://www.aaai.org/ocs/index.php/AAAI/AAAI14/paper/viewFile/8214/8603
303,http://www.aaai.org/ocs/index.php/AAAI/AAAI14/paper/viewFile/8660/8447
305,http://www.aaai.org/ocs/index.php/AAAI/AAAI14/paper/viewFile/8164/8404
306,http://www.aaai.org/ocs/index.php/AAAI/AAAI14/paper/viewFile/8290/8727
308,http://www.aaai.org/ocs/index.php/AAAI/AAAI14/paper/viewFile/8314/8431
309,http://www.aaai.org/ocs/index.php/AAAI/AAAI14/paper/viewFile/8271/8395
311,http://www.aaai.org/ocs/index.php/AAAI/AAAI14/paper/viewFile/8381/8621
312,http://www.aaai.org/ocs/index.php/AAAI/AAAI14/paper/viewFile/8150/8420
313,http://www.aaai.org/ocs/index.php/AAAI/AAAI14/paper/viewFile/8491/8731
314,http://www.aaai.org/ocs/index.php/AAAI/AAAI14/paper/viewFile/8405/8710
315,http://www.aaai.org/ocs/index.php/AAAI/AAAI14/paper/viewFile/8458/8821
316,http://www.aaai.org/ocs/index.php/AAAI/AAAI14/paper/viewFile/8389/8516
319,http://www.aaai.org/ocs/index.php/AAAI/AAAI14/paper/viewFile/8588/8611
320,http://www.aaai.org/ocs/index.php/AAAI/AAAI14/paper/viewFile/8536/8567
321,http://www.aaai.org/ocs/index.php/AAAI/AAAI14/paper/viewFile/8354/8825
323,http://www.aaai.org/ocs/index.php/AAAI/AAAI14/paper/viewFile/8462/8421
324,http://www.aaai.org/ocs/index.php/AAAI/AAAI14/paper/viewFile/8176/8834
326,http://www.aaai.org/ocs/index.php/AAAI/AAAI14/paper/viewFile/8465/8626
327,http://www.aaai.org/ocs/index.php/AAAI/AAAI14/paper/viewFile/8364/8801
328,http://www.aaai.org/ocs/index.php/AAAI/AAAI14/paper/viewFile/8505/8410
329,http://www.aaai.org/ocs/index.php/AAAI/AAAI14/paper/viewFile/8497/8514
330,http://www.aaai.org/ocs/index.php/AAAI/AAAI14/paper/viewFile/8530/8397
331,http://www.aaai.org/ocs/index.php/AAAI/AAAI14/paper/viewFile/8478/8500
332,http://www.aaai.org/ocs/index.php/AAAI/AAAI14/paper/viewFile/8366/8630
333,http://www.aaai.org/ocs/index.php/AAAI/AAAI14/paper/viewFile/8449/8624
334,http://www.aaai.org/ocs/index.php/AAAI/AAAI14/paper/viewFile/8246/8592
335,http://www.aaai.org/ocs/index.php/AAAI/AAAI14/paper/viewFile/8218/8439
336,http://www.aaai.org/ocs/index.php/AAAI/AAAI14/paper/viewFile/8251/8599
337,http://www.aaai.org/ocs/index.php/AAAI/AAAI14/paper/viewFile/8394/8854
339,http://www.aaai.org/ocs/index.php/AAAI/AAAI14/paper/viewFile/8185/8866
340,http://www.aaai.org/ocs/index.php/AAAI/AAAI14/paper/viewFile/8398/8400
341,http://www.aaai.org/ocs/index.php/AAAI/AAAI14/paper/viewFile/8619/8812
342,http://www.aaai.org/ocs/index.php/AAAI/AAAI14/paper/viewFile/8231/8530
344,http://www.aaai.org/ocs/index.php/AAAI/AAAI14/paper/viewFile/8173/8859
345,http://www.aaai.org/ocs/index.php/AAAI/AAAI14/paper/viewFile/8232/8550
346,http://www.aaai.org/ocs/index.php/AAAI/AAAI14/paper/viewFile/8255/8811
348,http://www.aaai.org/ocs/index.php/AAAI/AAAI14/paper/viewFile/8395/8853
351,http://www.aaai.org/ocs/index.php/AAAI/AAAI14/paper/viewFile/8461/8434
352,http://www.aaai.org/ocs/index.php/AAAI/AAAI14/paper/viewFile/8469/8704
353,http://www.aaai.org/ocs/index.php/AAAI/AAAI14/paper/viewFile/8234/8740
356,http://www.aaai.org/ocs/index.php/AAAI/AAAI14/paper/viewFile/8632/8851
357,http://www.aaai.org/ocs/index.php/AAAI/AAAI14/paper/viewFile/8383/8629
358,http://www.aaai.org/ocs/index.php/AAAI/AAAI14/paper/viewFile/8379/8868
359,http://www.aaai.org/ocs/index.php/AAAI/AAAI14/paper/viewFile/8516/8465
360,http://www.aaai.org/ocs/index.php/AAAI/AAAI14/paper/viewFile/8592/8555
362,http://www.aaai.org/ocs/index.php/AAAI/AAAI14/paper/viewFile/8267/8424
363,http://www.aaai.org/ocs/index.php/AAAI/AAAI14/paper/viewFile/8359/8574
367,http://www.aaai.org/ocs/index.php/AAAI/AAAI14/paper/viewFile/8476/8645
368,http://www.aaai.org/ocs/index.php/AAAI/AAAI14/paper/viewFile/8453/8529
369,http://www.aaai.org/ocs/index.php/AAAI/AAAI14/paper/viewFile/8493/8569
370,http://www.aaai.org/ocs/index.php/AAAI/AAAI14/paper/viewFile/8257/8598
371,http://www.aaai.org/ocs/index.php/AAAI/AAAI14/paper/viewFile/8488/8503
372,http://www.aaai.org/ocs/index.php/AAAI/AAAI14/paper/viewFile/8319/8808
374,http://www.aaai.org/ocs/index.php/AAAI/AAAI14/paper/viewFile/8580/8639
375,http://www.aaai.org/ocs/index.php/AAAI/AAAI14/paper/viewFile/8503/8702
376,http://www.aaai.org/ocs/index.php/AAAI/AAAI14/paper/viewFile/8553/8686
377,http://www.aaai.org/ocs/index.php/AAAI/AAAI14/paper/viewFile/8318/8591
378,http://www.aaai.org/ocs/index.php/AAAI/AAAI14/paper/viewFile/8412/8498
381,http://www.aaai.org/ocs/index.php/AAAI/AAAI14/paper/viewFile/8579/8522
382,http://www.aaai.org/ocs/index.php/AAAI/AAAI14/paper/viewFile/8140/8423
384,http://www.aaai.org/ocs/index.php/AAAI/AAAI14/paper/viewFile/8467/8399
386,http://www.aaai.org/ocs/index.php/AAAI/AAAI14/paper/viewFile/8188/8857
387,http://www.aaai.org/ocs/index.php/AAAI/AAAI14/paper/viewFile/8513/8739
388,http://www.aaai.org/ocs/index.php/AAAI/AAAI14/paper/viewFile/8182/8507
389,http://www.aaai.org/ocs/index.php/AAAI/AAAI14/paper/viewFile/8523/8576
391,http://www.aaai.org/ocs/index.php/AAAI/AAAI14/paper/viewFile/8490/8719
392,http://www.aaai.org/ocs/index.php/AAAI/AAAI14/paper/viewFile/8273/8391
394,http://www.aaai.org/ocs/index.php/AAAI/AAAI14/paper/viewFile/8659/8449
395,http://www.aaai.org/ocs/index.php/AAAI/AAAI14/paper/viewFile/8134/8803
396,http://www.aaai.org/ocs/index.php/AAAI/AAAI14/paper/viewFile/8392/8685
397,http://www.aaai.org/ocs/index.php/AAAI/AAAI14/paper/viewFile/8633/8734
400,http://www.aaai.org/ocs/index.php/AAAI/AAAI14/paper/viewFile/8324/8732
